[{"model": "core.state", "pk": 1, "fields": {"name": "KIFUMBU", "created_at": "2026-03-29T12:39:14.334Z", "updated_at": "2026-03-29T17:42:44.530Z"}}, {"model": "core.state", "pk": 2, "fields": {"name": "WHITE HOUSE", "created_at": "2026-03-29T12:39:24.268Z", "updated_at": "2026-03-29T17:42:44.559Z"}}, {"model": "core.state", "pk": 4, "fields": {"name": "MAWELA", "created_at": "2026-03-29T17:41:21.871Z", "updated_at": "2026-03-29T17:41:21.871Z"}}, {"model": "core.state", "pk": 5, "fields": {"name": "KWACHANGE", "created_at": "2026-03-29T17:41:21.877Z", "updated_at": "2026-03-29T17:41:21.877Z"}}, {"model": "core.state", "pk": 6, "fields": {"name": "MOSHI MJINI", "created_at": "2026-03-29T17:41:21.878Z", "updated_at": "2026-03-29T17:41:21.879Z"}}, {"model": "core.state", "pk": 7, "fields": {"name": "ON-CAMPUS", "created_at": "2026-03-29T17:41:21.880Z", "updated_at": "2026-03-29T17:41:21.880Z"}}, {"model": "core.course", "pk": 1, "fields": {"name": "Bachelor Of Science In Computer Science", "code": "BScCS", "created_at": "2026-03-29T12:37:59.456Z", "updated_at": "2026-03-29T12:37:59.456Z"}}, {"model": "core.course", "pk": 2, "fields": {"name": "Master of Science with Education", "code": "MWM07", "created_at": "2026-03-29T17:41:21.892Z", "updated_at": "2026-03-29T17:41:21.892Z"}}, {"model": "core.course", "pk": 3, "fields": {"name": "Master of Business Administration", "code": "MWM06", "created_at": "2026-03-29T17:41:21.893Z", "updated_at": "2026-03-29T17:41:21.893Z"}}, {"model": "core.course", "pk": 4, "fields": {"name": "Master of Education in Assessment and Evaluation", "code": "MWM02", "created_at": "2026-03-29T17:41:21.894Z", "updated_at": "2026-03-29T17:41:21.894Z"}}, {"model": "core.course", "pk": 5, "fields": {"name": "Master of Education in Assessment and Evaluation -Weekend", "code": "MWM02W", "created_at": "2026-03-29T17:41:21.896Z", "updated_at": "2026-03-29T17:41:21.896Z"}}, {"model": "core.course", "pk": 6, "fields": {"name": "Master of Education in Curriculum and Instruction", "code": "MWM03", "created_at": "2026-03-29T17:41:21.897Z", "updated_at": "2026-03-29T17:41:21.897Z"}}, {"model": "core.course", "pk": 7, "fields": {"name": "Master of Education in Curriculum and Instruction -Weekend", "code": "MWM03W", "created_at": "2026-03-29T17:41:21.898Z", "updated_at": "2026-03-29T17:41:21.898Z"}}, {"model": "core.course", "pk": 8, "fields": {"name": "Master of Education in Educational Planning and Administration", "code": "MWM04", "created_at": "2026-03-29T17:41:21.899Z", "updated_at": "2026-03-29T17:41:21.899Z"}}, {"model": "core.course", "pk": 9, "fields": {"name": "Master of Education in Educational Planning and Administration- Weekend", "code": "MWM04W", "created_at": "2026-03-29T17:41:21.900Z", "updated_at": "2026-03-29T17:41:21.900Z"}}, {"model": "core.course", "pk": 10, "fields": {"name": "Doctor of Philosophy in Education", "code": "MWPH01", "created_at": "2026-03-29T17:41:21.902Z", "updated_at": "2026-03-29T17:41:21.902Z"}}, {"model": "core.course", "pk": 11, "fields": {"name": "Bachelor of Science in Chemistry", "code": "MW010", "created_at": "2026-03-29T17:41:21.903Z", "updated_at": "2026-03-29T17:41:21.903Z"}}, {"model": "core.course", "pk": 12, "fields": {"name": "Bachelor of Science in Computer Science", "code": "BsCS", "created_at": "2026-03-29T17:41:21.904Z", "updated_at": "2026-03-29T17:41:21.904Z"}}, {"model": "core.course", "pk": 13, "fields": {"name": "Bachelor of Science in Mathematics and Statistics", "code": "MW006", "created_at": "2026-03-29T17:41:21.905Z", "updated_at": "2026-03-29T17:41:21.905Z"}}, {"model": "core.course", "pk": 14, "fields": {"name": "Bachelor Science with Education", "code": "MW002", "created_at": "2026-03-29T17:41:21.906Z", "updated_at": "2026-03-29T17:41:21.906Z"}}, {"model": "core.course", "pk": 15, "fields": {"name": "Bachelor of Science in Applied Biology", "code": "MW011", "created_at": "2026-03-29T17:41:21.907Z", "updated_at": "2026-03-29T17:41:21.907Z"}}, {"model": "core.course", "pk": 16, "fields": {"name": "Bachelor of Accounting and Finance", "code": "MW014", "created_at": "2026-03-29T17:41:21.908Z", "updated_at": "2026-03-29T17:41:21.908Z"}}, {"model": "core.course", "pk": 17, "fields": {"name": "Bachelor of Procurement and Supply Chain Management", "code": "MW013", "created_at": "2026-03-29T17:41:21.909Z", "updated_at": "2026-03-29T17:41:21.909Z"}}, {"model": "core.course", "pk": 18, "fields": {"name": "Bachelor of Arts in Project Planning and Management", "code": "MW008", "created_at": "2026-03-29T17:41:21.910Z", "updated_at": "2026-03-29T17:41:21.910Z"}}, {"model": "core.course", "pk": 19, "fields": {"name": "Bachelor of Arts in Business Administration Management", "code": "MW003", "created_at": "2026-03-29T17:41:21.912Z", "updated_at": "2026-03-29T17:41:21.912Z"}}, {"model": "core.course", "pk": 20, "fields": {"name": "Bachelor of Arts in Social Work and Human Rights", "code": "MW015", "created_at": "2026-03-29T17:41:21.913Z", "updated_at": "2026-03-29T17:41:21.913Z"}}, {"model": "core.course", "pk": 21, "fields": {"name": "Bachelor of Laws", "code": "MW012", "created_at": "2026-03-29T17:41:21.914Z", "updated_at": "2026-03-29T17:41:21.914Z"}}, {"model": "core.course", "pk": 22, "fields": {"name": "Bachelor of Arts in Sociology and Social Work", "code": "MW005", "created_at": "2026-03-29T17:41:21.915Z", "updated_at": "2026-03-29T17:41:21.915Z"}}, {"model": "core.course", "pk": 23, "fields": {"name": "Bachelor of Arts in Geography and Environmental Studies", "code": "MW004", "created_at": "2026-03-29T17:41:21.916Z", "updated_at": "2026-03-29T17:41:21.916Z"}}, {"model": "core.course", "pk": 24, "fields": {"name": "Bachelor of Arts with Education", "code": "MW001", "created_at": "2026-03-29T17:41:21.917Z", "updated_at": "2026-03-29T17:41:21.917Z"}}, {"model": "core.course", "pk": 25, "fields": {"name": "Diploma in Law", "code": "DIP004", "created_at": "2026-03-29T17:41:21.918Z", "updated_at": "2026-03-29T17:41:21.918Z"}}, {"model": "core.course", "pk": 26, "fields": {"name": "Certificate in Law", "code": "CERT004", "created_at": "2026-03-29T17:41:21.919Z", "updated_at": "2026-03-29T17:41:21.919Z"}}, {"model": "core.course", "pk": 27, "fields": {"name": "Ordinary Diploma in Procurement and Supply", "code": "DIP008", "created_at": "2026-03-29T17:41:21.920Z", "updated_at": "2026-03-29T17:41:21.920Z"}}, {"model": "core.course", "pk": 28, "fields": {"name": "Ordinary Diploma in Business Administration", "code": "DIP002", "created_at": "2026-03-29T17:41:21.921Z", "updated_at": "2026-03-29T17:41:21.921Z"}}, {"model": "core.course", "pk": 29, "fields": {"name": "Basic Technician Certificate in Procurement and Supply", "code": "CERT008", "created_at": "2026-03-29T17:41:21.922Z", "updated_at": "2026-03-29T17:41:21.922Z"}}, {"model": "core.course", "pk": 30, "fields": {"name": "Basic Technician Certificate in Business Administration", "code": "CERT003", "created_at": "2026-03-29T17:41:21.923Z", "updated_at": "2026-03-29T17:41:21.923Z"}}, {"model": "core.course", "pk": 31, "fields": {"name": "Ordinary Diploma in Social Work", "code": "DIP009", "created_at": "2026-03-29T17:41:21.924Z", "updated_at": "2026-03-29T17:41:21.924Z"}}, {"model": "core.course", "pk": 32, "fields": {"name": "Basic Technician Certificate in Social Work", "code": "CERT013", "created_at": "2026-03-29T17:41:21.925Z", "updated_at": "2026-03-29T17:41:21.925Z"}}, {"model": "core.user", "fields": {"password": "pbkdf2_sha256$1200000$7To5AC8DzxMYjpSKt9pvTR$ZYaeBupT083MNFF3MSt7NmDUGZWgfPAly6myx/+nb9g=", "last_login": "2026-03-29T18:26:37.111Z", "is_superuser": true, "first_name": "Cleven", "last_name": "Godson", "is_staff": true, "is_active": true, "date_joined": "2026-03-29T12:30:43Z", "registration_number": "T/DEG/2023/0544", "email": "clevengodsontech@gmail.com", "voter_id": "a6a1fba4-b970-45e2-99ca-46870ab78b8f", "gender": "male", "state": null, "course": null, "role": "commissioner", "is_verified": true, "date_verified": "2026-03-29T12:56:36.617Z", "last_login_ip": null, "groups": [], "user_permissions": []}}, {"model": "core.user", "fields": {"password": "pbkdf2_sha256$1200000$qtX4kJcaEdpH3mag0SfTQk$dWkn3tudWwS7Ml3hfw6sv5OjWrUd8nroUEDCXFbhqJQ=", "last_login": "2026-03-29T17:53:59Z", "is_superuser": false, "first_name": "Clara", "last_name": "Godson", "is_staff": false, "is_active": true, "date_joined": "2026-03-29T12:40:44Z", "registration_number": "T/DEG/2023/01", "email": "clara@gmail.com", "voter_id": "86030960-e3b4-4713-86fb-63df7de09017", "gender": "female", "state": 1, "course": 1, "role": "observer", "is_verified": true, "date_verified": "2026-03-29T12:56:36.617Z", "last_login_ip": null, "groups": [], "user_permissions": []}}, {"model": "core.user", "fields": {"password": "pbkdf2_sha256$1200000$VR19laC4MRZPHUYmaJgTda$eqpD7OSSLoQGPVZqzdqQf69MXWgCcRokLv8kADMYAys=", "last_login": null, "is_superuser": false, "first_name": "Test", "last_name": "Voter", "is_staff": false, "is_active": true, "date_joined": "2026-03-29T17:47:57.917Z", "registration_number": "T/TEST/2023/0001", "email": "t.test.2023.0001@mwecauictclub.gmail.com", "voter_id": "b9a577ef-28cf-4dd1-8ed4-2767a07bff8d", "gender": "male", "state": 4, "course": 12, "role": "voter", "is_verified": true, "date_verified": "2026-03-29T17:47:57.915Z", "last_login_ip": null, "groups": [], "user_permissions": []}}, {"model": "core.user", "fields": {"password": "pbkdf2_sha256$1200000$zsaiKizrpPbQmOKVbhU7ce$98K+U4cmVo0zgVd+uA+VajXLbMJqTpLMfciDY0siEZo=", "last_login": null, "is_superuser": false, "first_name": "Demo", "last_name": "Student", "is_staff": false, "is_active": true, "date_joined": "2026-03-29T17:47:58.781Z", "registration_number": "T/TEST/2023/0002", "email": "t.test.2023.0002@mwecauictclub.gmail.com", "voter_id": "98711c4b-66d1-4cee-8fcb-b0b74d1f596d", "gender": "female", "state": 5, "course": 12, "role": "voter", "is_verified": true, "date_verified": "2026-03-29T17:47:58.780Z", "last_login_ip": null, "groups": [], "user_permissions": []}}, {"model": "core.user", "fields": {"password": "pbkdf2_sha256$1200000$UgcxtLNslINwxVyVKvDmjp$ecp0ZqmHBymEsBFde3T9zQc6hvCLEY71SI+K/Oqk0yg=", "last_login": null, "is_superuser": false, "first_name": "Sample", "last_name": "User", "is_staff": false, "is_active": true, "date_joined": "2026-03-29T17:47:59.606Z", "registration_number": "T/TEST/2023/0003", "email": "t.test.2023.0003@mwecauictclub.gmail.com", "voter_id": "7b3ff730-b3da-494d-b970-91fbb613c747", "gender": "male", "state": 7, "course": 12, "role": "voter", "is_verified": true, "date_verified": "2026-03-29T17:47:59.602Z", "last_login_ip": null, "groups": [], "user_permissions": []}}, {"model": "core.user", "fields": {"password": "pbkdf2_sha256$1200000$jGkirrvyDdqZmR6yDMRIrU$HkHsdlAoAMy7dyq5P4KwQM+X99cocMU5WHjXkv+5fyc=", "last_login": null, "is_superuser": false, "first_name": "Public", "last_name": "Tester", "is_staff": false, "is_active": true, "date_joined": "2026-03-29T17:48:00.589Z", "registration_number": "T/TEST/2023/0004", "email": "t.test.2023.0004@mwecauictclub.gmail.com", "voter_id": "40221c2c-7f1e-4eb7-92d4-3a42a68056df", "gender": "female", "state": 2, "course": 12, "role": "voter", "is_verified": true, "date_verified": "2026-03-29T17:48:00.583Z", "last_login_ip": null, "groups": [], "user_permissions": []}}, {"model": "core.user", "fields": {"password": "pbkdf2_sha256$1200000$F0dJgenBqpBQ0hLES3C1bl$mJhevw4GqHW93Ktk8mWDDjQDcvFYnGNaRYNini7vZZI=", "last_login": null, "is_superuser": false, "first_name": "PILI", "last_name": "KIDAWAMI MALJA", "is_staff": false, "is_active": true, "date_joined": "2026-03-29T17:48:01.561Z", "registration_number": "T/DEG/2023/0461", "email": "t.deg.2023.0461@mwecauictclub.gmail.com", "voter_id": "a14bed17-7fc7-48a2-a094-40f3c16ce19c", "gender": "male", "state": 4, "course": 12, "role": "voter", "is_verified": true, "date_verified": "2026-03-29T17:48:01.560Z", "last_login_ip": null, "groups": [], "user_permissions": []}}, {"model": "core.user", "fields": {"password": "pbkdf2_sha256$1200000$U8GJ6ilYNtLeftcq3W8d81$+Janq4lypn6T8mql5F/TUyn46zFdjGcjmflK4XSxnJU=", "last_login": null, "is_superuser": false, "first_name": "JUMA", "last_name": "K JAMAL", "is_staff": false, "is_active": true, "date_joined": "2026-03-29T17:48:02.470Z", "registration_number": "T/DEG/2023/2000", "email": "t.deg.2023.2000@mwecauictclub.gmail.com", "voter_id": "922e2c25-57df-4e02-8054-20867d720a16", "gender": "male", "state": 7, "course": 12, "role": "voter", "is_verified": true, "date_verified": "2026-03-29T17:48:02.467Z", "last_login_ip": null, "groups": [], "user_permissions": []}}, {"model": "core.user", "fields": {"password": "pbkdf2_sha256$1200000$lNpKHPMRsvM9AsvukmvBIs$TaeKFaitqTAiu/496sITEY3cPNqZq9OV0PzOxPJPPR0=", "last_login": null, "is_superuser": false, "first_name": "BONAVENTURE", "last_name": "MACHA", "is_staff": false, "is_active": true, "date_joined": "2026-03-29T17:48:03.307Z", "registration_number": "T/DEG/2023/0029", "email": "t.deg.2023.0029@mwecauictclub.gmail.com", "voter_id": "f445a0d6-09b3-4506-87f0-c0c6a7fa1333", "gender": "male", "state": 1, "course": 12, "role": "voter", "is_verified": true, "date_verified": "2026-03-29T17:48:03.306Z", "last_login_ip": null, "groups": [], "user_permissions": []}}, {"model": "core.user", "fields": {"password": "pbkdf2_sha256$1200000$MJb2LrciPVVPHMjzoVzKTw$esxMosnHnrmJIoLINqzoajti6aA3dQWbE+sYpGUBgjI=", "last_login": null, "is_superuser": false, "first_name": "MICHAEL", "last_name": "A MAJURA", "is_staff": false, "is_active": true, "date_joined": "2026-03-29T17:48:04.113Z", "registration_number": "T/DEG/2023/1587", "email": "t.deg.2023.1587@mwecauictclub.gmail.com", "voter_id": "e8774a75-4d81-4f79-ae69-374d05426ad1", "gender": "male", "state": 7, "course": 12, "role": "voter", "is_verified": true, "date_verified": "2026-03-29T17:48:04.112Z", "last_login_ip": null, "groups": [], "user_permissions": []}}, {"model": "core.user", "fields": {"password": "pbkdf2_sha256$1200000$MMDQsTZruAM6Al1HSWXsC7$qShUdmEaoxv1GwyUvh6yU2MetNH6SkRF976/p6F6BCo=", "last_login": null, "is_superuser": false, "first_name": "WEMA", "last_name": "E MBISE", "is_staff": false, "is_active": true, "date_joined": "2026-03-29T17:48:04.957Z", "registration_number": "T/DEG/2023/1015", "email": "t.deg.2023.1015@mwecauictclub.gmail.com", "voter_id": "c6495fa9-1834-406f-bc3e-169a1a1deacc", "gender": "female", "state": 2, "course": 12, "role": "voter", "is_verified": true, "date_verified": "2026-03-29T17:48:04.956Z", "last_login_ip": null, "groups": [], "user_permissions": []}}, {"model": "core.user", "fields": {"password": "pbkdf2_sha256$1200000$g0YTa0zLuK2BwTKsw4DOMA$Hp5TbljEqhBabOBt09lF7bMoXNUhAglOaR6DAOq3KEc=", "last_login": null, "is_superuser": false, "first_name": "INOSENT", "last_name": "P JUMA", "is_staff": false, "is_active": true, "date_joined": "2026-03-29T17:48:05.773Z", "registration_number": "T/DEG/2023/0906", "email": "t.deg.2023.0906@mwecauictclub.gmail.com", "voter_id": "45726238-40be-4428-b5a7-4447195ff7fb", "gender": "male", "state": 7, "course": 12, "role": "voter", "is_verified": true, "date_verified": "2026-03-29T17:48:05.772Z", "last_login_ip": null, "groups": [], "user_permissions": []}}, {"model": "core.user", "fields": {"password": "pbkdf2_sha256$1200000$wiBsl1pbCteP6n1E3WhfkQ$DWX6jJrpSAo9ASqA0S7ua37Gtufbx7pYtqqjPS6b+jk=", "last_login": null, "is_superuser": false, "first_name": "SESILIA", "last_name": "J MUSHI", "is_staff": false, "is_active": true, "date_joined": "2026-03-29T17:48:06.611Z", "registration_number": "T/DEG/2023/0440", "email": "t.deg.2023.0440@mwecauictclub.gmail.com", "voter_id": "2c8b70a7-edc6-4363-aee6-6c330d633e41", "gender": "female", "state": 4, "course": 12, "role": "voter", "is_verified": true, "date_verified": "2026-03-29T17:48:06.610Z", "last_login_ip": null, "groups": [], "user_permissions": []}}, {"model": "core.user", "fields": {"password": "pbkdf2_sha256$1200000$crDRHIryP4WyUSUUq2E5uw$ndj6hrBnpW03qDkMFPTB6gMJC5pwZ4L8QFOUfWt1CNo=", "last_login": null, "is_superuser": false, "first_name": "CHRISTOPHER", "last_name": "J EMMANUEL", "is_staff": false, "is_active": true, "date_joined": "2026-03-29T17:48:07.450Z", "registration_number": "T/DEG/2023/1617", "email": "t.deg.2023.1617@mwecauictclub.gmail.com", "voter_id": "656afa48-ca0f-422e-a3e6-721303899d2e", "gender": "male", "state": 7, "course": 12, "role": "voter", "is_verified": true, "date_verified": "2026-03-29T17:48:07.449Z", "last_login_ip": null, "groups": [], "user_permissions": []}}, {"model": "core.user", "fields": {"password": "pbkdf2_sha256$1200000$y63hZRkzWrAODdi7tm5Ybz$gPZVQMmMScPqARERaqXQvIK22qDh7hj6u2nAsRSdiao=", "last_login": null, "is_superuser": false, "first_name": "FAUSTINE", "last_name": "M EMMANUEL", "is_staff": false, "is_active": true, "date_joined": "2026-03-29T17:48:08.277Z", "registration_number": "T/DEG/2023/0074", "email": "t.deg.2023.0074@mwecauictclub.gmail.com", "voter_id": "25ae1e00-c73b-4c95-a4c6-221961cf25a0", "gender": "male", "state": 6, "course": 12, "role": "voter", "is_verified": true, "date_verified": "2026-03-29T17:48:08.276Z", "last_login_ip": null, "groups": [], "user_permissions": []}}, {"model": "core.user", "fields": {"password": "pbkdf2_sha256$1200000$qWWNqiSTcrnFcYBC80Zqfk$IbTmsvum4l1EPpALrq8ghpoGIwTDjNRMLJwIwn+8yA8=", "last_login": null, "is_superuser": false, "first_name": "AMINA", "last_name": "R IDD", "is_staff": false, "is_active": true, "date_joined": "2026-03-29T17:48:09.069Z", "registration_number": "T/DEG/2023/0348", "email": "t.deg.2023.0348@mwecauictclub.gmail.com", "voter_id": "39de2e7e-dabc-48e5-afe0-7b2bdcd07d70", "gender": "female", "state": 6, "course": 12, "role": "voter", "is_verified": true, "date_verified": "2026-03-29T17:48:09.068Z", "last_login_ip": null, "groups": [], "user_permissions": []}}, {"model": "core.user", "fields": {"password": "pbkdf2_sha256$1200000$DNez19ntVYLALzRwZpBV4o$coFQTzMViw9wjDAUl/tbO6QfH5z1JrUahD/yMUjJwZc=", "last_login": null, "is_superuser": false, "first_name": "SESILIA", "last_name": "T SEME", "is_staff": false, "is_active": true, "date_joined": "2026-03-29T17:48:09.877Z", "registration_number": "T/DEG/2023/1651", "email": "t.deg.2023.1651@mwecauictclub.gmail.com", "voter_id": "b2636308-a1d4-4eeb-85f6-4aa81a441f6c", "gender": "female", "state": 2, "course": 12, "role": "voter", "is_verified": true, "date_verified": "2026-03-29T17:48:09.875Z", "last_login_ip": null, "groups": [], "user_permissions": []}}, {"model": "core.user", "fields": {"password": "pbkdf2_sha256$1200000$MYmrY4mEb5QamZg8QObVoI$/1h/LDIChdjWdRuopAHGImmolmnznS+MFY7UubDitSI=", "last_login": null, "is_superuser": false, "first_name": "ANETH", "last_name": "J JONATHAN", "is_staff": false, "is_active": true, "date_joined": "2026-03-29T17:48:10.708Z", "registration_number": "T/DEG/2023/1028", "email": "t.deg.2023.1028@mwecauictclub.gmail.com", "voter_id": "91fa74b8-7f8a-4bb7-bb99-6239b1711233", "gender": "female", "state": 2, "course": 12, "role": "voter", "is_verified": true, "date_verified": "2026-03-29T17:48:10.707Z", "last_login_ip": null, "groups": [], "user_permissions": []}}, {"model": "core.user", "fields": {"password": "pbkdf2_sha256$1200000$AHQUOoJZwSCZ8FIaOyqCWJ$IDm5eMO/pW3fZ/WikpyQQoFxpMdLNPuENDmW8Q7t0zs=", "last_login": null, "is_superuser": false, "first_name": "CHRISTINA", "last_name": "SAMWEL", "is_staff": false, "is_active": true, "date_joined": "2026-03-29T17:48:11.554Z", "registration_number": "T/DEG/2023/0919", "email": "t.deg.2023.0919@mwecauictclub.gmail.com", "voter_id": "9f20be93-0040-4b82-bb6b-94e940a836d1", "gender": "female", "state": 1, "course": 12, "role": "voter", "is_verified": true, "date_verified": "2026-03-29T17:48:11.553Z", "last_login_ip": null, "groups": [], "user_permissions": []}}, {"model": "core.user", "fields": {"password": "pbkdf2_sha256$1200000$k4KYuWJzA10zEBTlixxXi1$OWjaQniVYLemCJVyuTBkE2RsGeK2eJT6102+eUc29X0=", "last_login": null, "is_superuser": false, "first_name": "ERICK", "last_name": "M DANIEL", "is_staff": false, "is_active": true, "date_joined": "2026-03-29T17:48:12.383Z", "registration_number": "T/DEG/2023/1582", "email": "t.deg.2023.1582@mwecauictclub.gmail.com", "voter_id": "90dbe8ec-2577-46f9-a278-6bdde4a75713", "gender": "male", "state": 6, "course": 12, "role": "voter", "is_verified": true, "date_verified": "2026-03-29T17:48:12.382Z", "last_login_ip": null, "groups": [], "user_permissions": []}}, {"model": "core.user", "fields": {"password": "pbkdf2_sha256$1200000$QOuJPo2JhJkniqf5g1PVcW$k0M8MghwiYfJSHX5kHVBYKYL7Bug9ffLHj8JvzTYnk8=", "last_login": null, "is_superuser": false, "first_name": "ISAKA", "last_name": "Y MPINGA", "is_staff": false, "is_active": true, "date_joined": "2026-03-29T17:48:13.207Z", "registration_number": "T/DEG/2023/1305", "email": "t.deg.2023.1305@mwecauictclub.gmail.com", "voter_id": "59021ab8-c822-4189-8a4d-1e537495bc1c", "gender": "male", "state": 6, "course": 12, "role": "voter", "is_verified": true, "date_verified": "2026-03-29T17:48:13.206Z", "last_login_ip": null, "groups": [], "user_permissions": []}}, {"model": "core.user", "fields": {"password": "pbkdf2_sha256$1200000$bF0L0KAhp8wyMwxSJ1iDRT$giqEpx38TayRjE1yt4UY0JZvJJ/vvg1TEmDlVhzo6lE=", "last_login": null, "is_superuser": false, "first_name": "TURYOMURIWE", "last_name": "JOSEPH", "is_staff": false, "is_active": true, "date_joined": "2026-03-29T17:48:14.024Z", "registration_number": "T/DEG/2023/1422", "email": "t.deg.2023.1422@mwecauictclub.gmail.com", "voter_id": "ba1a33bb-b592-4745-b551-d60c26bc3209", "gender": "male", "state": 6, "course": 12, "role": "voter", "is_verified": true, "date_verified": "2026-03-29T17:48:14.023Z", "last_login_ip": null, "groups": [], "user_permissions": []}}, {"model": "core.user", "fields": {"password": "pbkdf2_sha256$1200000$9mfd9gRwDx17SAOlyPhkqW$phxvLZGY4y1MFAQ+GEpd8KgZMziwnGbDLkY8efqy5xQ=", "last_login": null, "is_superuser": false, "first_name": "JOYCE", "last_name": "MIPAWA", "is_staff": false, "is_active": true, "date_joined": "2026-03-29T17:48:14.834Z", "registration_number": "T/DEG/2023/1899", "email": "t.deg.2023.1899@mwecauictclub.gmail.com", "voter_id": "af6033fd-7f90-444b-969b-e3d9554bfa5c", "gender": "female", "state": 5, "course": 12, "role": "voter", "is_verified": true, "date_verified": "2026-03-29T17:48:14.833Z", "last_login_ip": null, "groups": [], "user_permissions": []}}, {"model": "core.user", "fields": {"password": "pbkdf2_sha256$1200000$bODp7j5qJCimWh0XG952zW$OBhjuyLMJ2g/5e2bXfkGegQoK+0UurdWMLi6DYnObnI=", "last_login": null, "is_superuser": false, "first_name": "MARWA", "last_name": "DAUDI", "is_staff": false, "is_active": true, "date_joined": "2026-03-29T17:48:16.372Z", "registration_number": "T/DEG/2023/1178", "email": "t.deg.2023.1178@mwecauictclub.gmail.com", "voter_id": "1f019190-6783-49c6-891b-bb60cc3cf41e", "gender": "female", "state": 2, "course": 12, "role": "voter", "is_verified": true, "date_verified": "2026-03-29T17:48:16.371Z", "last_login_ip": null, "groups": [], "user_permissions": []}}, {"model": "core.user", "fields": {"password": "pbkdf2_sha256$1200000$epWrYQxCzizeIeRFPrFTs6$mOjEKEGK0thJ06Z3jiuZyeCu0cMRsTWJUOihucas8LA=", "last_login": null, "is_superuser": false, "first_name": "KHADIJA", "last_name": "JUMA", "is_staff": false, "is_active": true, "date_joined": "2026-03-29T17:48:17.135Z", "registration_number": "T/DEG/2023/1119", "email": "t.deg.2023.1119@mwecauictclub.gmail.com", "voter_id": "8b16e47c-f039-42e0-b67c-02e9d14e15d7", "gender": "male", "state": 7, "course": 12, "role": "voter", "is_verified": true, "date_verified": "2026-03-29T17:48:17.134Z", "last_login_ip": null, "groups": [], "user_permissions": []}}, {"model": "core.collegedata", "pk": 1, "fields": {"registration_number": "T/DEG/2023/01", "first_name": "Clara", "last_name": "Godson", "email": "clara@gmail.com", "gender": "female", "voter_id": null, "course": 1, "uploaded_by": ["T/DEG/2023/0544"], "is_used": true, "created_at": "2026-03-29T12:38:02.721Z", "status": "pending"}}, {"model": "core.collegedata", "pk": 2, "fields": {"registration_number": "T/DEG/2023/0461", "first_name": "PILI", "last_name": "KIDAWAMI MALJA", "email": "", "gender": null, "voter_id": null, "course": 12, "uploaded_by": null, "is_used": true, "created_at": "2026-03-29T17:41:21.933Z", "status": "processed"}}, {"model": "core.collegedata", "pk": 3, "fields": {"registration_number": "T/DEG/2023/2000", "first_name": "JUMA", "last_name": "K JAMAL", "email": "", "gender": null, "voter_id": null, "course": 12, "uploaded_by": null, "is_used": true, "created_at": "2026-03-29T17:41:21.936Z", "status": "processed"}}, {"model": "core.collegedata", "pk": 4, "fields": {"registration_number": "T/DEG/2023/0029", "first_name": "BONAVENTURE", "last_name": "MACHA", "email": "", "gender": null, "voter_id": null, "course": 12, "uploaded_by": null, "is_used": true, "created_at": "2026-03-29T17:41:21.938Z", "status": "processed"}}, {"model": "core.collegedata", "pk": 5, "fields": {"registration_number": "T/DEG/2023/1587", "first_name": "MICHAEL", "last_name": "A MAJURA", "email": "", "gender": null, "voter_id": null, "course": 12, "uploaded_by": null, "is_used": true, "created_at": "2026-03-29T17:41:21.940Z", "status": "processed"}}, {"model": "core.collegedata", "pk": 6, "fields": {"registration_number": "T/DEG/2023/1015", "first_name": "WEMA", "last_name": "E MBISE", "email": "", "gender": null, "voter_id": null, "course": 12, "uploaded_by": null, "is_used": true, "created_at": "2026-03-29T17:41:21.942Z", "status": "processed"}}, {"model": "core.collegedata", "pk": 7, "fields": {"registration_number": "T/DEG/2023/0906", "first_name": "INOSENT", "last_name": "P JUMA", "email": "", "gender": null, "voter_id": null, "course": 12, "uploaded_by": null, "is_used": true, "created_at": "2026-03-29T17:41:21.944Z", "status": "processed"}}, {"model": "core.collegedata", "pk": 8, "fields": {"registration_number": "T/DEG/2023/0440", "first_name": "SESILIA", "last_name": "J MUSHI", "email": "", "gender": null, "voter_id": null, "course": 12, "uploaded_by": null, "is_used": true, "created_at": "2026-03-29T17:41:21.946Z", "status": "processed"}}, {"model": "core.collegedata", "pk": 9, "fields": {"registration_number": "T/DEG/2023/1617", "first_name": "CHRISTOPHER", "last_name": "J EMMANUEL", "email": "", "gender": null, "voter_id": null, "course": 12, "uploaded_by": null, "is_used": true, "created_at": "2026-03-29T17:41:21.948Z", "status": "processed"}}, {"model": "core.collegedata", "pk": 10, "fields": {"registration_number": "T/DEG/2023/0074", "first_name": "FAUSTINE", "last_name": "M EMMANUEL", "email": "", "gender": null, "voter_id": null, "course": 12, "uploaded_by": null, "is_used": true, "created_at": "2026-03-29T17:41:21.950Z", "status": "processed"}}, {"model": "core.collegedata", "pk": 11, "fields": {"registration_number": "T/DEG/2023/0348", "first_name": "AMINA", "last_name": "R IDD", "email": "", "gender": null, "voter_id": null, "course": 12, "uploaded_by": null, "is_used": true, "created_at": "2026-03-29T17:41:21.952Z", "status": "processed"}}, {"model": "core.collegedata", "pk": 12, "fields": {"registration_number": "T/DEG/2023/1651", "first_name": "SESILIA", "last_name": "T SEME", "email": "", "gender": null, "voter_id": null, "course": 12, "uploaded_by": null, "is_used": true, "created_at": "2026-03-29T17:41:21.954Z", "status": "processed"}}, {"model": "core.collegedata", "pk": 13, "fields": {"registration_number": "T/DEG/2023/1028", "first_name": "ANETH", "last_name": "J JONATHAN", "email": "", "gender": null, "voter_id": null, "course": 12, "uploaded_by": null, "is_used": true, "created_at": "2026-03-29T17:41:21.956Z", "status": "processed"}}, {"model": "core.collegedata", "pk": 14, "fields": {"registration_number": "T/DEG/2023/0919", "first_name": "CHRISTINA", "last_name": "SAMWEL", "email": "", "gender": null, "voter_id": null, "course": 12, "uploaded_by": null, "is_used": true, "created_at": "2026-03-29T17:41:21.957Z", "status": "processed"}}, {"model": "core.collegedata", "pk": 15, "fields": {"registration_number": "T/DEG/2023/1582", "first_name": "ERICK", "last_name": "M DANIEL", "email": "", "gender": null, "voter_id": null, "course": 12, "uploaded_by": null, "is_used": true, "created_at": "2026-03-29T17:41:21.959Z", "status": "processed"}}, {"model": "core.collegedata", "pk": 16, "fields": {"registration_number": "T/DEG/2023/1305", "first_name": "ISAKA", "last_name": "Y MPINGA", "email": "", "gender": null, "voter_id": null, "course": 12, "uploaded_by": null, "is_used": true, "created_at": "2026-03-29T17:41:21.961Z", "status": "processed"}}, {"model": "core.collegedata", "pk": 17, "fields": {"registration_number": "T/DEG/2023/1422", "first_name": "TURYOMURIWE", "last_name": "JOSEPH", "email": "", "gender": null, "voter_id": null, "course": 12, "uploaded_by": null, "is_used": true, "created_at": "2026-03-29T17:41:21.963Z", "status": "processed"}}, {"model": "core.collegedata", "pk": 18, "fields": {"registration_number": "T/DEG/2023/1899", "first_name": "JOYCE", "last_name": "MIPAWA", "email": "", "gender": null, "voter_id": null, "course": 12, "uploaded_by": null, "is_used": true, "created_at": "2026-03-29T17:41:21.965Z", "status": "processed"}}, {"model": "core.collegedata", "pk": 19, "fields": {"registration_number": "T/DEG/2023/0544", "first_name": "CLEVEN", "last_name": "GODSON", "email": "", "gender": null, "voter_id": null, "course": 12, "uploaded_by": null, "is_used": false, "created_at": "2026-03-29T17:41:21.967Z", "status": "pending"}}, {"model": "core.collegedata", "pk": 20, "fields": {"registration_number": "T/DEG/2023/1178", "first_name": "MARWA", "last_name": "DAUDI", "email": "", "gender": null, "voter_id": null, "course": 12, "uploaded_by": null, "is_used": true, "created_at": "2026-03-29T17:41:21.969Z", "status": "processed"}}, {"model": "core.collegedata", "pk": 21, "fields": {"registration_number": "T/DEG/2023/1119", "first_name": "KHADIJA", "last_name": "JUMA", "email": "", "gender": null, "voter_id": null, "course": 12, "uploaded_by": null, "is_used": true, "created_at": "2026-03-29T17:41:21.971Z", "status": "processed"}}, {"model": "core.collegedata", "pk": 22, "fields": {"registration_number": "T/DEG/2023/0581", "first_name": "FRANCIS", "last_name": "ROBERT", "email": "", "gender": null, "voter_id": null, "course": 12, "uploaded_by": null, "is_used": false, "created_at": "2026-03-29T17:41:21.972Z", "status": "pending"}}, {"model": "core.collegedata", "pk": 23, "fields": {"registration_number": "T/DEG/2023/1975", "first_name": "MICHAEL", "last_name": "MARCO", "email": "", "gender": null, "voter_id": null, "course": 12, "uploaded_by": null, "is_used": false, "created_at": "2026-03-29T17:41:21.974Z", "status": "pending"}}, {"model": "core.collegedata", "pk": 24, "fields": {"registration_number": "T/DEG/2023/1993", "first_name": "DAUD", "last_name": "M MASELE", "email": "", "gender": null, "voter_id": null, "course": 12, "uploaded_by": null, "is_used": false, "created_at": "2026-03-29T17:41:21.976Z", "status": "pending"}}, {"model": "core.collegedata", "pk": 25, "fields": {"registration_number": "T/DEG/2023/0545", "first_name": "GODWIN", "last_name": "MNDEME", "email": "", "gender": null, "voter_id": null, "course": 12, "uploaded_by": null, "is_used": false, "created_at": "2026-03-29T17:41:21.979Z", "status": "pending"}}, {"model": "core.collegedata", "pk": 26, "fields": {"registration_number": "T/DEG/2023/0212", "first_name": "FADHILA", "last_name": "YUSUPH", "email": "", "gender": null, "voter_id": null, "course": 12, "uploaded_by": null, "is_used": false, "created_at": "2026-03-29T17:41:21.980Z", "status": "pending"}}, {"model": "core.collegedata", "pk": 27, "fields": {"registration_number": "T/DEG/2023/0446", "first_name": "SADIKI", "last_name": "MKINA", "email": "", "gender": null, "voter_id": null, "course": 12, "uploaded_by": null, "is_used": false, "created_at": "2026-03-29T17:41:21.983Z", "status": "pending"}}, {"model": "core.collegedata", "pk": 28, "fields": {"registration_number": "T/DEG/2023/0818", "first_name": "ELIZABETH", "last_name": "MICHAEL", "email": "", "gender": null, "voter_id": null, "course": 12, "uploaded_by": null, "is_used": false, "created_at": "2026-03-29T17:41:21.985Z", "status": "pending"}}, {"model": "core.collegedata", "pk": 29, "fields": {"registration_number": "T/DEG/2023/1480", "first_name": "REGINA", "last_name": "BARNABA", "email": "", "gender": null, "voter_id": null, "course": 12, "uploaded_by": null, "is_used": false, "created_at": "2026-03-29T17:41:21.988Z", "status": "pending"}}, {"model": "core.collegedata", "pk": 30, "fields": {"registration_number": "T/DEG/2023/1517", "first_name": "SAMSON", "last_name": "ARON", "email": "", "gender": null, "voter_id": null, "course": 12, "uploaded_by": null, "is_used": false, "created_at": "2026-03-29T17:41:21.990Z", "status": "pending"}}, {"model": "core.collegedata", "pk": 31, "fields": {"registration_number": "T/DEG/2023/1445", "first_name": "LAURENT", "last_name": "BONOPHACE", "email": "", "gender": null, "voter_id": null, "course": 12, "uploaded_by": null, "is_used": false, "created_at": "2026-03-29T17:41:21.992Z", "status": "pending"}}, {"model": "core.collegedata", "pk": 32, "fields": {"registration_number": "T/DEG/2023/1024", "first_name": "SETH", "last_name": "MAMBO", "email": "", "gender": null, "voter_id": null, "course": 12, "uploaded_by": null, "is_used": false, "created_at": "2026-03-29T17:41:21.994Z", "status": "pending"}}, {"model": "core.collegedata", "pk": 33, "fields": {"registration_number": "T/DEG/2023/1008", "first_name": "JUMA", "last_name": "A ALLY", "email": "", "gender": null, "voter_id": null, "course": 12, "uploaded_by": null, "is_used": false, "created_at": "2026-03-29T17:41:21.996Z", "status": "pending"}}, {"model": "core.collegedata", "pk": 34, "fields": {"registration_number": "T/DEG/2023/1206", "first_name": "ANICETH", "last_name": "B KAHEBA", "email": "", "gender": null, "voter_id": null, "course": 12, "uploaded_by": null, "is_used": false, "created_at": "2026-03-29T17:41:21.997Z", "status": "pending"}}, {"model": "core.collegedata", "pk": 35, "fields": {"registration_number": "T/DEG/2023/0095", "first_name": "THEREZA", "last_name": "BENZILE", "email": "", "gender": null, "voter_id": null, "course": 12, "uploaded_by": null, "is_used": false, "created_at": "2026-03-29T17:41:21.999Z", "status": "pending"}}, {"model": "core.collegedata", "pk": 36, "fields": {"registration_number": "T/DEG/2023/1160", "first_name": "PENDO", "last_name": "NDOROBO", "email": "", "gender": null, "voter_id": null, "course": 12, "uploaded_by": null, "is_used": false, "created_at": "2026-03-29T17:41:22.001Z", "status": "pending"}}, {"model": "core.collegedata", "pk": 37, "fields": {"registration_number": "T/DEG/2023/0247", "first_name": "JESCA", "last_name": "L NYONI", "email": "", "gender": null, "voter_id": null, "course": 12, "uploaded_by": null, "is_used": false, "created_at": "2026-03-29T17:41:22.002Z", "status": "pending"}}, {"model": "core.collegedata", "pk": 38, "fields": {"registration_number": "T/DEG/2023/0429", "first_name": "FINA", "last_name": "B ATHANAS", "email": "", "gender": null, "voter_id": null, "course": 12, "uploaded_by": null, "is_used": false, "created_at": "2026-03-29T17:41:22.004Z", "status": "pending"}}, {"model": "core.collegedata", "pk": 39, "fields": {"registration_number": "T/DEG/2023/1508", "first_name": "AMOSI", "last_name": "PIMILE", "email": "", "gender": null, "voter_id": null, "course": 12, "uploaded_by": null, "is_used": false, "created_at": "2026-03-29T17:41:22.006Z", "status": "pending"}}, {"model": "core.collegedata", "pk": 40, "fields": {"registration_number": "T/DEG/2023/1295", "first_name": "JOSEPHAT", "last_name": "SHAURI", "email": "", "gender": null, "voter_id": null, "course": 12, "uploaded_by": null, "is_used": false, "created_at": "2026-03-29T17:41:22.008Z", "status": "pending"}}, {"model": "core.collegedata", "pk": 41, "fields": {"registration_number": "T/DEG/2023/0105", "first_name": "SALOME", "last_name": "TIMOTHY", "email": "", "gender": null, "voter_id": null, "course": 12, "uploaded_by": null, "is_used": false, "created_at": "2026-03-29T17:41:22.010Z", "status": "pending"}}, {"model": "core.collegedata", "pk": 42, "fields": {"registration_number": "T/DEG/2023/1120", "first_name": "ANYES", "last_name": "M CHIMOSA", "email": "", "gender": null, "voter_id": null, "course": 12, "uploaded_by": null, "is_used": false, "created_at": "2026-03-29T17:41:22.011Z", "status": "pending"}}, {"model": "core.collegedata", "pk": 43, "fields": {"registration_number": "T/DEG/2023/0638", "first_name": "JULIUS", "last_name": "R MWITA", "email": "", "gender": null, "voter_id": null, "course": 12, "uploaded_by": null, "is_used": false, "created_at": "2026-03-29T17:41:22.013Z", "status": "pending"}}, {"model": "core.collegedata", "pk": 44, "fields": {"registration_number": "T/DEG/2023/1821", "first_name": "JANETH", "last_name": "A MUSHI", "email": "", "gender": null, "voter_id": null, "course": 12, "uploaded_by": null, "is_used": false, "created_at": "2026-03-29T17:41:22.015Z", "status": "pending"}}, {"model": "core.collegedata", "pk": 45, "fields": {"registration_number": "T/DEG/2023/1782", "first_name": "WINFRIDA", "last_name": "S GODEMBA", "email": "", "gender": null, "voter_id": null, "course": 12, "uploaded_by": null, "is_used": false, "created_at": "2026-03-29T17:41:22.018Z", "status": "pending"}}, {"model": "core.collegedata", "pk": 46, "fields": {"registration_number": "T/DEG/2023/1466", "first_name": "FAUSTINE", "last_name": "J MAKOYE", "email": "", "gender": null, "voter_id": null, "course": 12, "uploaded_by": null, "is_used": false, "created_at": "2026-03-29T17:41:22.021Z", "status": "pending"}}, {"model": "core.collegedata", "pk": 47, "fields": {"registration_number": "T/DEG/2023/0780", "first_name": "ALVIN", "last_name": "URASSA", "email": "", "gender": null, "voter_id": null, "course": 12, "uploaded_by": null, "is_used": false, "created_at": "2026-03-29T17:41:22.023Z", "status": "pending"}}, {"model": "core.collegedata", "pk": 48, "fields": {"registration_number": "T/DEG/2023/1251", "first_name": "ADAM", "last_name": "R NKILIJIWA", "email": "", "gender": null, "voter_id": null, "course": 12, "uploaded_by": null, "is_used": false, "created_at": "2026-03-29T17:41:22.026Z", "status": "pending"}}, {"model": "core.collegedata", "pk": 49, "fields": {"registration_number": "T/DEG/2023/0840", "first_name": "BENEDICTOR", "last_name": "E MSUKA", "email": "", "gender": null, "voter_id": null, "course": 12, "uploaded_by": null, "is_used": false, "created_at": "2026-03-29T17:41:22.028Z", "status": "pending"}}, {"model": "core.collegedata", "pk": 50, "fields": {"registration_number": "T/DEG/2023/1830", "first_name": "ANASTAZIA", "last_name": "J MOSHI", "email": "", "gender": null, "voter_id": null, "course": 12, "uploaded_by": null, "is_used": false, "created_at": "2026-03-29T17:41:22.030Z", "status": "pending"}}, {"model": "core.collegedata", "pk": 51, "fields": {"registration_number": "T/DEG/2023/0438", "first_name": "ISACK", "last_name": "S NYAUME", "email": "", "gender": null, "voter_id": null, "course": 12, "uploaded_by": null, "is_used": false, "created_at": "2026-03-29T17:41:22.032Z", "status": "pending"}}, {"model": "core.collegedata", "pk": 52, "fields": {"registration_number": "T/DEG/2023/1476", "first_name": "BERNARDO", "last_name": "M NG'WIGULU", "email": "", "gender": null, "voter_id": null, "course": 12, "uploaded_by": null, "is_used": false, "created_at": "2026-03-29T17:41:22.034Z", "status": "pending"}}, {"model": "core.collegedata", "pk": 53, "fields": {"registration_number": "T/DEG/2023/0834", "first_name": "PETRO", "last_name": "G DAQARO", "email": "", "gender": null, "voter_id": null, "course": 12, "uploaded_by": null, "is_used": false, "created_at": "2026-03-29T17:41:22.036Z", "status": "pending"}}, {"model": "core.collegedata", "pk": 54, "fields": {"registration_number": "T/DEG/2023/1809", "first_name": "THOMAS", "last_name": "C WANGWE", "email": "", "gender": null, "voter_id": null, "course": 12, "uploaded_by": null, "is_used": false, "created_at": "2026-03-29T17:41:22.038Z", "status": "pending"}}, {"model": "core.collegedata", "pk": 55, "fields": {"registration_number": "T/DEG/2023/1639", "first_name": "JOSHUA", "last_name": "A REUBEN", "email": "", "gender": null, "voter_id": null, "course": 12, "uploaded_by": null, "is_used": false, "created_at": "2026-03-29T17:41:22.040Z", "status": "pending"}}, {"model": "core.collegedata", "pk": 56, "fields": {"registration_number": "T/DEG/2023/1184", "first_name": "DAUD", "last_name": "C NONDO", "email": "", "gender": null, "voter_id": null, "course": 12, "uploaded_by": null, "is_used": false, "created_at": "2026-03-29T17:41:22.042Z", "status": "pending"}}, {"model": "core.collegedata", "pk": 57, "fields": {"registration_number": "T/DEG/2023/0108", "first_name": "JOHNSON", "last_name": "MWAKYUSA", "email": "", "gender": null, "voter_id": null, "course": 12, "uploaded_by": null, "is_used": false, "created_at": "2026-03-29T17:41:22.044Z", "status": "pending"}}, {"model": "core.collegedata", "pk": 58, "fields": {"registration_number": "T/DEG/2023/1031", "first_name": "ISAYA", "last_name": "LYIMO", "email": "", "gender": null, "voter_id": null, "course": 12, "uploaded_by": null, "is_used": false, "created_at": "2026-03-29T17:41:22.046Z", "status": "pending"}}, {"model": "core.collegedata", "pk": 59, "fields": {"registration_number": "T/DEG/2023/0001", "first_name": "HARUNA", "last_name": "CHABI", "email": "", "gender": null, "voter_id": null, "course": 12, "uploaded_by": null, "is_used": false, "created_at": "2026-03-29T17:41:22.049Z", "status": "pending"}}, {"model": "core.collegedata", "pk": 60, "fields": {"registration_number": "T/DEG/2023/0629", "first_name": "HANIFA", "last_name": "MSHANA", "email": "", "gender": null, "voter_id": null, "course": 12, "uploaded_by": null, "is_used": false, "created_at": "2026-03-29T17:41:22.051Z", "status": "pending"}}, {"model": "core.collegedata", "pk": 61, "fields": {"registration_number": "T/DEG/2023/0701", "first_name": "JONTHON", "last_name": "AKILI", "email": "", "gender": null, "voter_id": null, "course": 12, "uploaded_by": null, "is_used": false, "created_at": "2026-03-29T17:41:22.053Z", "status": "pending"}}, {"model": "core.collegedata", "pk": 62, "fields": {"registration_number": "T/DEG/2023/1632", "first_name": "ELIZABETH", "last_name": "MUNISHI", "email": "", "gender": null, "voter_id": null, "course": 12, "uploaded_by": null, "is_used": false, "created_at": "2026-03-29T17:41:22.055Z", "status": "pending"}}, {"model": "core.collegedata", "pk": 63, "fields": {"registration_number": "T/DEG/2023/0674", "first_name": "GEORGE", "last_name": "MDAKI", "email": "", "gender": null, "voter_id": null, "course": 12, "uploaded_by": null, "is_used": false, "created_at": "2026-03-29T17:41:22.057Z", "status": "pending"}}, {"model": "core.collegedata", "pk": 64, "fields": {"registration_number": "T/DEG/2023/1938", "first_name": "CLEMENTINA", "last_name": "BAIRU", "email": "", "gender": null, "voter_id": null, "course": 12, "uploaded_by": null, "is_used": false, "created_at": "2026-03-29T17:41:22.060Z", "status": "pending"}}, {"model": "core.collegedata", "pk": 65, "fields": {"registration_number": "T/DEG/2023/0013", "first_name": "LAUREEN", "last_name": "J KIDUNDA", "email": "", "gender": null, "voter_id": null, "course": 12, "uploaded_by": null, "is_used": false, "created_at": "2026-03-29T17:41:22.062Z", "status": "pending"}}, {"model": "core.collegedata", "pk": 66, "fields": {"registration_number": "T/DEG/2023/0187", "first_name": "TEDDY", "last_name": "C ALEGO", "email": "", "gender": null, "voter_id": null, "course": 12, "uploaded_by": null, "is_used": false, "created_at": "2026-03-29T17:41:22.064Z", "status": "pending"}}, {"model": "core.collegedata", "pk": 67, "fields": {"registration_number": "T/DEG/2023/0798", "first_name": "DAVID", "last_name": "L KIMARIO", "email": "", "gender": null, "voter_id": null, "course": 12, "uploaded_by": null, "is_used": false, "created_at": "2026-03-29T17:41:22.066Z", "status": "pending"}}, {"model": "core.collegedata", "pk": 68, "fields": {"registration_number": "T/DEG/2023/1812", "first_name": "SHWAIBU", "last_name": "M SWEDY", "email": "", "gender": null, "voter_id": null, "course": 12, "uploaded_by": null, "is_used": false, "created_at": "2026-03-29T17:41:22.068Z", "status": "pending"}}, {"model": "core.collegedata", "pk": 69, "fields": {"registration_number": "T/DEG/2023/0626", "first_name": "COLLINS", "last_name": "MWACHA", "email": "", "gender": null, "voter_id": null, "course": 12, "uploaded_by": null, "is_used": false, "created_at": "2026-03-29T17:41:22.070Z", "status": "pending"}}, {"model": "core.collegedata", "pk": 70, "fields": {"registration_number": "T/DEG/2023/0630", "first_name": "PHILIMON", "last_name": "BURA", "email": "", "gender": null, "voter_id": null, "course": 12, "uploaded_by": null, "is_used": false, "created_at": "2026-03-29T17:41:22.073Z", "status": "pending"}}, {"model": "core.collegedata", "pk": 71, "fields": {"registration_number": "T/DEG/2023/0100", "first_name": "GREYSON", "last_name": "THADEO", "email": "", "gender": null, "voter_id": null, "course": 12, "uploaded_by": null, "is_used": false, "created_at": "2026-03-29T17:41:22.075Z", "status": "pending"}}, {"model": "core.collegedata", "pk": 72, "fields": {"registration_number": "T/DEG/2023/1121", "first_name": "ASHURA", "last_name": "SANGU", "email": "", "gender": null, "voter_id": null, "course": 12, "uploaded_by": null, "is_used": false, "created_at": "2026-03-29T17:41:22.077Z", "status": "pending"}}, {"model": "core.collegedata", "pk": 73, "fields": {"registration_number": "T/DEG/2023/2030", "first_name": "GLORY", "last_name": "N RAPHAEL", "email": "", "gender": null, "voter_id": null, "course": 12, "uploaded_by": null, "is_used": false, "created_at": "2026-03-29T17:41:22.079Z", "status": "pending"}}, {"model": "core.collegedata", "pk": 74, "fields": {"registration_number": "T/DEG/2023/1740", "first_name": "NEEMA", "last_name": "J SIMON", "email": "", "gender": null, "voter_id": null, "course": 12, "uploaded_by": null, "is_used": false, "created_at": "2026-03-29T17:41:22.081Z", "status": "pending"}}, {"model": "core.collegedata", "pk": 75, "fields": {"registration_number": "T/DEG/2023/1768", "first_name": "PHILIPO", "last_name": "P SHIJA", "email": "", "gender": null, "voter_id": null, "course": 12, "uploaded_by": null, "is_used": false, "created_at": "2026-03-29T17:41:22.083Z", "status": "pending"}}, {"model": "core.collegedata", "pk": 76, "fields": {"registration_number": "T/DEG/2023/1816", "first_name": "IKRAM", "last_name": "R KALEF", "email": "", "gender": null, "voter_id": null, "course": 12, "uploaded_by": null, "is_used": false, "created_at": "2026-03-29T17:41:22.085Z", "status": "pending"}}, {"model": "core.collegedata", "pk": 77, "fields": {"registration_number": "T/DEG/2023/2008", "first_name": "AIRNESS", "last_name": "ADOLF", "email": "", "gender": null, "voter_id": null, "course": 12, "uploaded_by": null, "is_used": false, "created_at": "2026-03-29T17:41:22.087Z", "status": "pending"}}, {"model": "core.collegedata", "pk": 78, "fields": {"registration_number": "T/DEG/2023/0968", "first_name": "DORICKAS", "last_name": "CHEYU", "email": "", "gender": null, "voter_id": null, "course": 12, "uploaded_by": null, "is_used": false, "created_at": "2026-03-29T17:41:22.090Z", "status": "pending"}}, {"model": "core.collegedata", "pk": 79, "fields": {"registration_number": "T/DEG/2023/0875", "first_name": "EXPEDITO", "last_name": "MPONZI", "email": "", "gender": null, "voter_id": null, "course": 12, "uploaded_by": null, "is_used": false, "created_at": "2026-03-29T17:41:22.092Z", "status": "pending"}}, {"model": "election.electionlevel", "pk": 1, "fields": {"name": "University President", "code": "PRESIDENT_2024", "type": "president", "course": null, "state": null, "description": "University-wide presidential election", "created_at": "2026-03-29T17:48:17.139Z", "updated_at": "2026-03-29T17:48:17.139Z"}}, {"model": "election.electionlevel", "pk": 2, "fields": {"name": "BsCS Course Leader", "code": "COURSE_BSCS_2024", "type": "course", "course": 12, "state": null, "description": "Course representative for Computer Science students", "created_at": "2026-03-29T17:48:17.140Z", "updated_at": "2026-03-29T17:48:17.140Z"}}, {"model": "election.electionlevel", "pk": 3, "fields": {"name": "KIFUMBU State Leader", "code": "STATE_KIFUMBU_2024", "type": "state", "course": null, "state": 1, "description": "Representative for KIFUMBU residents", "created_at": "2026-03-29T17:48:17.142Z", "updated_at": "2026-03-29T17:48:17.142Z"}}, {"model": "election.electionlevel", "pk": 4, "fields": {"name": "KWACHANGE State Leader", "code": "STATE_KWACHANGE_2024", "type": "state", "course": null, "state": 5, "description": "Representative for KWACHANGE residents", "created_at": "2026-03-29T17:48:17.143Z", "updated_at": "2026-03-29T17:48:17.143Z"}}, {"model": "election.electionlevel", "pk": 5, "fields": {"name": "MAWELA State Leader", "code": "STATE_MAWELA_2024", "type": "state", "course": null, "state": 4, "description": "Representative for MAWELA residents", "created_at": "2026-03-29T17:48:17.144Z", "updated_at": "2026-03-29T17:48:17.144Z"}}, {"model": "election.electionlevel", "pk": 6, "fields": {"name": "MOSHI MJINI State Leader", "code": "STATE_MOSHI_MJINI_2024", "type": "state", "course": null, "state": 6, "description": "Representative for MOSHI MJINI residents", "created_at": "2026-03-29T17:48:17.146Z", "updated_at": "2026-03-29T17:48:17.146Z"}}, {"model": "election.electionlevel", "pk": 7, "fields": {"name": "ON-CAMPUS State Leader", "code": "STATE_ON-CAMPUS_2024", "type": "state", "course": null, "state": 7, "description": "Representative for ON-CAMPUS residents", "created_at": "2026-03-29T17:48:17.147Z", "updated_at": "2026-03-29T17:48:17.147Z"}}, {"model": "election.electionlevel", "pk": 8, "fields": {"name": "WHITE HOUSE State Leader", "code": "STATE_WHITE_HOUSE_2024", "type": "state", "course": null, "state": 2, "description": "Representative for WHITE HOUSE residents", "created_at": "2026-03-29T17:48:17.148Z", "updated_at": "2026-03-29T17:48:17.148Z"}}, {"model": "election.election", "pk": 1, "fields": {"title": "MWECAU General Elections 2024", "description": "General student elections for university president, course leaders, and state representatives.", "start_date": "2026-03-29T18:08:32Z", "end_date": "2026-03-29T18:08:40Z", "is_active": true, "has_ended": true, "created_at": "2026-03-29T17:48:17.166Z", "updated_at": "2026-03-29T18:08:46.425Z", "levels": [1, 3, 4, 5, 6, 7, 8, 2]}}, {"model": "election.position", "pk": 1, "fields": {"title": "President", "election_level": 1, "description": "University Student President", "gender_restriction": "any"}}, {"model": "election.position", "pk": 2, "fields": {"title": "Vice President", "election_level": 1, "description": "University Student Vice President", "gender_restriction": "any"}}, {"model": "election.position", "pk": 3, "fields": {"title": "Course Representative", "election_level": 2, "description": "BsCS Course Representative", "gender_restriction": "any"}}, {"model": "election.position", "pk": 4, "fields": {"title": "State Representative", "election_level": 3, "description": "KIFUMBU Representative", "gender_restriction": "any"}}, {"model": "election.position", "pk": 5, "fields": {"title": "State Representative", "election_level": 4, "description": "KWACHANGE Representative", "gender_restriction": "any"}}, {"model": "election.position", "pk": 6, "fields": {"title": "State Representative", "election_level": 5, "description": "MAWELA Representative", "gender_restriction": "any"}}, {"model": "election.position", "pk": 7, "fields": {"title": "State Representative", "election_level": 6, "description": "MOSHI MJINI Representative", "gender_restriction": "any"}}, {"model": "election.position", "pk": 8, "fields": {"title": "State Representative", "election_level": 7, "description": "ON-CAMPUS Representative", "gender_restriction": "any"}}, {"model": "election.position", "pk": 9, "fields": {"title": "State Representative", "election_level": 8, "description": "WHITE HOUSE Representative", "gender_restriction": "any"}}, {"model": "election.candidate", "pk": 1, "fields": {"user": ["T/DEG/2023/1899"], "election": 1, "position": 1, "bio": "I am JOYCE MIPAWA, running for President.", "platform": "Vote for change! Vote for JOYCE!", "image": "", "running_mate": null, "running_mate_bio": "", "running_mate_image": "", "vote_count": 0, "created_at": "2026-03-29T17:48:17.176Z", "updated_at": "2026-03-29T17:48:17.176Z"}}, {"model": "election.candidate", "pk": 2, "fields": {"user": ["T/TEST/2023/0004"], "election": 1, "position": 1, "bio": "I am Public Tester, running for President.", "platform": "Vote for change! Vote for Public!", "image": "", "running_mate": null, "running_mate_bio": "", "running_mate_image": "", "vote_count": 0, "created_at": "2026-03-29T17:48:17.178Z", "updated_at": "2026-03-29T17:48:17.178Z"}}, {"model": "election.candidate", "pk": 3, "fields": {"user": ["T/DEG/2023/2000"], "election": 1, "position": 2, "bio": "I am JUMA K JAMAL, running for Vice President.", "platform": "Vote for change! Vote for JUMA!", "image": "", "running_mate": null, "running_mate_bio": "", "running_mate_image": "", "vote_count": 0, "created_at": "2026-03-29T17:48:17.181Z", "updated_at": "2026-03-29T17:48:17.181Z"}}, {"model": "election.candidate", "pk": 4, "fields": {"user": ["T/DEG/2023/1178"], "election": 1, "position": 2, "bio": "I am MARWA DAUDI, running for Vice President.", "platform": "Vote for change! Vote for MARWA!", "image": "", "running_mate": null, "running_mate_bio": "", "running_mate_image": "", "vote_count": 0, "created_at": "2026-03-29T17:48:17.183Z", "updated_at": "2026-03-29T17:48:17.183Z"}}, {"model": "election.candidate", "pk": 5, "fields": {"user": ["T/DEG/2023/0348"], "election": 1, "position": 2, "bio": "I am AMINA R IDD, running for Vice President.", "platform": "Vote for change! Vote for AMINA!", "image": "", "running_mate": null, "running_mate_bio": "", "running_mate_image": "", "vote_count": 0, "created_at": "2026-03-29T17:48:17.185Z", "updated_at": "2026-03-29T17:48:17.185Z"}}, {"model": "election.candidate", "pk": 6, "fields": {"user": ["T/DEG/2023/0440"], "election": 1, "position": 3, "bio": "I am SESILIA J MUSHI, running for Course Representative.", "platform": "Vote for change! Vote for SESILIA!", "image": "", "running_mate": null, "running_mate_bio": "", "running_mate_image": "", "vote_count": 0, "created_at": "2026-03-29T17:48:17.188Z", "updated_at": "2026-03-29T17:48:17.188Z"}}, {"model": "election.candidate", "pk": 7, "fields": {"user": ["T/DEG/2023/1305"], "election": 1, "position": 3, "bio": "I am ISAKA Y MPINGA, running for Course Representative.", "platform": "Vote for change! Vote for ISAKA!", "image": "", "running_mate": null, "running_mate_bio": "", "running_mate_image": "", "vote_count": 0, "created_at": "2026-03-29T17:48:17.190Z", "updated_at": "2026-03-29T17:48:17.190Z"}}, {"model": "election.candidate", "pk": 8, "fields": {"user": ["T/DEG/2023/0074"], "election": 1, "position": 3, "bio": "I am FAUSTINE M EMMANUEL, running for Course Representative.", "platform": "Vote for change! Vote for FAUSTINE!", "image": "", "running_mate": null, "running_mate_bio": "", "running_mate_image": "", "vote_count": 0, "created_at": "2026-03-29T17:48:17.192Z", "updated_at": "2026-03-29T17:48:17.192Z"}}, {"model": "election.candidate", "pk": 9, "fields": {"user": ["T/DEG/2023/0029"], "election": 1, "position": 4, "bio": "I am BONAVENTURE MACHA, running for State Representative.", "platform": "Vote for change! Vote for BONAVENTURE!", "image": "", "running_mate": null, "running_mate_bio": "", "running_mate_image": "", "vote_count": 0, "created_at": "2026-03-29T17:48:17.194Z", "updated_at": "2026-03-29T17:48:17.194Z"}}, {"model": "election.candidate", "pk": 10, "fields": {"user": ["T/DEG/2023/01"], "election": 1, "position": 4, "bio": "I am Clara Godson, running for State Representative.", "platform": "Vote for change! Vote for Clara!", "image": "", "running_mate": null, "running_mate_bio": "", "running_mate_image": "", "vote_count": 0, "created_at": "2026-03-29T17:48:17.196Z", "updated_at": "2026-03-29T17:48:17.196Z"}}, {"model": "election.candidate", "pk": 11, "fields": {"user": ["T/TEST/2023/0002"], "election": 1, "position": 5, "bio": "I am Demo Student, running for State Representative.", "platform": "Vote for change! Vote for Demo!", "image": "", "running_mate": null, "running_mate_bio": "", "running_mate_image": "", "vote_count": 0, "created_at": "2026-03-29T17:48:17.199Z", "updated_at": "2026-03-29T17:48:17.199Z"}}, {"model": "election.candidate", "pk": 12, "fields": {"user": ["T/TEST/2023/0001"], "election": 1, "position": 6, "bio": "I am Test Voter, running for State Representative.", "platform": "Vote for change! Vote for Test!", "image": "", "running_mate": null, "running_mate_bio": "", "running_mate_image": "", "vote_count": 0, "created_at": "2026-03-29T17:48:17.202Z", "updated_at": "2026-03-29T17:48:17.202Z"}}, {"model": "election.candidate", "pk": 13, "fields": {"user": ["T/DEG/2023/0461"], "election": 1, "position": 6, "bio": "I am PILI KIDAWAMI MALJA, running for State Representative.", "platform": "Vote for change! Vote for PILI!", "image": "", "running_mate": null, "running_mate_bio": "", "running_mate_image": "", "vote_count": 0, "created_at": "2026-03-29T17:48:17.203Z", "updated_at": "2026-03-29T17:48:17.203Z"}}, {"model": "election.candidate", "pk": 14, "fields": {"user": ["T/DEG/2023/1422"], "election": 1, "position": 7, "bio": "I am TURYOMURIWE JOSEPH, running for State Representative.", "platform": "Vote for change! Vote for TURYOMURIWE!", "image": "", "running_mate": null, "running_mate_bio": "", "running_mate_image": "", "vote_count": 0, "created_at": "2026-03-29T17:48:17.206Z", "updated_at": "2026-03-29T17:48:17.206Z"}}, {"model": "election.candidate", "pk": 15, "fields": {"user": ["T/DEG/2023/1617"], "election": 1, "position": 8, "bio": "I am CHRISTOPHER J EMMANUEL, running for State Representative.", "platform": "Vote for change! Vote for CHRISTOPHER!", "image": "", "running_mate": null, "running_mate_bio": "", "running_mate_image": "", "vote_count": 0, "created_at": "2026-03-29T17:48:17.209Z", "updated_at": "2026-03-29T17:48:17.209Z"}}, {"model": "election.candidate", "pk": 16, "fields": {"user": ["T/DEG/2023/0906"], "election": 1, "position": 8, "bio": "I am INOSENT P JUMA, running for State Representative.", "platform": "Vote for change! Vote for INOSENT!", "image": "", "running_mate": null, "running_mate_bio": "", "running_mate_image": "", "vote_count": 0, "created_at": "2026-03-29T17:48:17.211Z", "updated_at": "2026-03-29T17:48:17.211Z"}}, {"model": "election.candidate", "pk": 17, "fields": {"user": ["T/DEG/2023/1651"], "election": 1, "position": 9, "bio": "I am SESILIA T SEME, running for State Representative.", "platform": "Vote for change! Vote for SESILIA!", "image": "", "running_mate": null, "running_mate_bio": "", "running_mate_image": "", "vote_count": 0, "created_at": "2026-03-29T17:48:17.214Z", "updated_at": "2026-03-29T17:48:17.214Z"}}, {"model": "election.candidate", "pk": 18, "fields": {"user": ["T/DEG/2023/1028"], "election": 1, "position": 9, "bio": "I am ANETH J JONATHAN, running for State Representative.", "platform": "Vote for change! Vote for ANETH!", "image": "", "running_mate": null, "running_mate_bio": "", "running_mate_image": "", "vote_count": 0, "created_at": "2026-03-29T17:48:17.216Z", "updated_at": "2026-03-29T17:48:17.216Z"}}, {"model": "election.candidate", "pk": 19, "fields": {"user": ["T/DEG/2023/1015"], "election": 1, "position": 9, "bio": "I am WEMA E MBISE, running for State Representative.", "platform": "Vote for change! Vote for WEMA!", "image": "", "running_mate": null, "running_mate_bio": "", "running_mate_image": "", "vote_count": 0, "created_at": "2026-03-29T17:48:17.218Z", "updated_at": "2026-03-29T17:48:17.218Z"}}, {"model": "election.votertoken", "pk": 1, "fields": {"user": ["T/DEG/2023/0544"], "election": 1, "election_level": 1, "token": "f696612f-b4ba-4830-b81c-3257f26bd8c7", "is_used": false, "expiry_date": "2026-04-06T17:48:17Z", "created_at": "2026-03-29T17:56:50.324Z", "used_at": null}}, {"model": "election.votertoken", "pk": 4, "fields": {"user": ["T/TEST/2023/0001"], "election": 1, "election_level": 1, "token": "73c947eb-f534-4070-b80c-c8846633cead", "is_used": false, "expiry_date": "2026-04-06T17:48:17Z", "created_at": "2026-03-29T17:56:50.342Z", "used_at": null}}, {"model": "election.votertoken", "pk": 5, "fields": {"user": ["T/TEST/2023/0001"], "election": 1, "election_level": 2, "token": "8e3f6ff2-c1d1-4ea3-b886-1b6aba105e34", "is_used": false, "expiry_date": "2026-04-06T17:48:17Z", "created_at": "2026-03-29T17:56:50.344Z", "used_at": null}}, {"model": "election.votertoken", "pk": 6, "fields": {"user": ["T/TEST/2023/0001"], "election": 1, "election_level": 5, "token": "3a2aa42d-a116-44c9-8c06-ab291e0808d1", "is_used": false, "expiry_date": "2026-04-06T17:48:17Z", "created_at": "2026-03-29T17:56:50.346Z", "used_at": null}}, {"model": "election.votertoken", "pk": 7, "fields": {"user": ["T/TEST/2023/0002"], "election": 1, "election_level": 1, "token": "56538fc4-5f4e-41b4-af15-41346cbef4d4", "is_used": false, "expiry_date": "2026-04-06T17:48:17Z", "created_at": "2026-03-29T17:56:50.352Z", "used_at": null}}, {"model": "election.votertoken", "pk": 8, "fields": {"user": ["T/TEST/2023/0002"], "election": 1, "election_level": 2, "token": "80f8b3aa-5c3d-4737-846a-c74f64f620f2", "is_used": false, "expiry_date": "2026-04-06T17:48:17Z", "created_at": "2026-03-29T17:56:50.354Z", "used_at": null}}, {"model": "election.votertoken", "pk": 9, "fields": {"user": ["T/TEST/2023/0002"], "election": 1, "election_level": 4, "token": "f5df28ca-eee6-4674-adbf-e0e12fcf4b1f", "is_used": false, "expiry_date": "2026-04-06T17:48:17Z", "created_at": "2026-03-29T17:56:50.357Z", "used_at": null}}, {"model": "election.votertoken", "pk": 10, "fields": {"user": ["T/TEST/2023/0003"], "election": 1, "election_level": 1, "token": "b259225e-0bde-4957-95c0-998ae88c7fb3", "is_used": false, "expiry_date": "2026-04-06T17:48:17Z", "created_at": "2026-03-29T17:56:50.362Z", "used_at": null}}, {"model": "election.votertoken", "pk": 11, "fields": {"user": ["T/TEST/2023/0003"], "election": 1, "election_level": 2, "token": "82d62c3a-0a94-4e0a-a30a-10e6bdf93bac", "is_used": false, "expiry_date": "2026-04-06T17:48:17Z", "created_at": "2026-03-29T17:56:50.365Z", "used_at": null}}, {"model": "election.votertoken", "pk": 12, "fields": {"user": ["T/TEST/2023/0003"], "election": 1, "election_level": 7, "token": "110756f8-c727-4fa9-8963-fb3216f09b64", "is_used": false, "expiry_date": "2026-04-06T17:48:17Z", "created_at": "2026-03-29T17:56:50.367Z", "used_at": null}}, {"model": "election.votertoken", "pk": 13, "fields": {"user": ["T/TEST/2023/0004"], "election": 1, "election_level": 1, "token": "debd26a8-ece2-4d1b-84df-56fe4ed2f035", "is_used": false, "expiry_date": "2026-04-06T17:48:17Z", "created_at": "2026-03-29T17:56:50.372Z", "used_at": null}}, {"model": "election.votertoken", "pk": 14, "fields": {"user": ["T/TEST/2023/0004"], "election": 1, "election_level": 2, "token": "fccd12fd-10b0-4c31-a068-8a0af325e617", "is_used": false, "expiry_date": "2026-04-06T17:48:17Z", "created_at": "2026-03-29T17:56:50.375Z", "used_at": null}}, {"model": "election.votertoken", "pk": 15, "fields": {"user": ["T/TEST/2023/0004"], "election": 1, "election_level": 8, "token": "8457eb0c-64e5-45bd-9544-f9539db36489", "is_used": false, "expiry_date": "2026-04-06T17:48:17Z", "created_at": "2026-03-29T17:56:50.377Z", "used_at": null}}, {"model": "election.votertoken", "pk": 16, "fields": {"user": ["T/DEG/2023/0461"], "election": 1, "election_level": 1, "token": "10ee8fdb-da98-4d66-abe0-928c9b33f1e9", "is_used": false, "expiry_date": "2026-04-06T17:48:17Z", "created_at": "2026-03-29T17:56:50.381Z", "used_at": null}}, {"model": "election.votertoken", "pk": 17, "fields": {"user": ["T/DEG/2023/0461"], "election": 1, "election_level": 2, "token": "a4e41b6d-3c8c-4611-858e-414a1c9b4ad3", "is_used": false, "expiry_date": "2026-04-06T17:48:17Z", "created_at": "2026-03-29T17:56:50.384Z", "used_at": null}}, {"model": "election.votertoken", "pk": 18, "fields": {"user": ["T/DEG/2023/0461"], "election": 1, "election_level": 5, "token": "1414b98f-3716-42a2-afa8-37919f14b8d5", "is_used": false, "expiry_date": "2026-04-06T17:48:17Z", "created_at": "2026-03-29T17:56:50.386Z", "used_at": null}}, {"model": "election.votertoken", "pk": 19, "fields": {"user": ["T/DEG/2023/2000"], "election": 1, "election_level": 1, "token": "12fcf54f-72aa-47cc-ab6c-0b6e3ac81c9e", "is_used": false, "expiry_date": "2026-04-06T17:48:17Z", "created_at": "2026-03-29T17:56:50.391Z", "used_at": null}}, {"model": "election.votertoken", "pk": 20, "fields": {"user": ["T/DEG/2023/2000"], "election": 1, "election_level": 2, "token": "36c9953a-9cac-4777-8826-fef5d206c9a5", "is_used": false, "expiry_date": "2026-04-06T17:48:17Z", "created_at": "2026-03-29T17:56:50.393Z", "used_at": null}}, {"model": "election.votertoken", "pk": 21, "fields": {"user": ["T/DEG/2023/2000"], "election": 1, "election_level": 7, "token": "b21af94f-970b-4b9f-b1ae-d4df8b11f03f", "is_used": false, "expiry_date": "2026-04-06T17:48:17Z", "created_at": "2026-03-29T17:56:50.395Z", "used_at": null}}, {"model": "election.votertoken", "pk": 22, "fields": {"user": ["T/DEG/2023/0029"], "election": 1, "election_level": 1, "token": "7abbf876-aaae-4643-a469-12edbca82eb7", "is_used": false, "expiry_date": "2026-04-06T17:48:17Z", "created_at": "2026-03-29T17:56:50.399Z", "used_at": null}}, {"model": "election.votertoken", "pk": 23, "fields": {"user": ["T/DEG/2023/0029"], "election": 1, "election_level": 2, "token": "818a246f-2cac-4158-b18e-cb2b9ff6f15e", "is_used": false, "expiry_date": "2026-04-06T17:48:17Z", "created_at": "2026-03-29T17:56:50.401Z", "used_at": null}}, {"model": "election.votertoken", "pk": 24, "fields": {"user": ["T/DEG/2023/0029"], "election": 1, "election_level": 3, "token": "116bbc53-b277-4afa-a431-b29f52fef85a", "is_used": false, "expiry_date": "2026-04-06T17:48:17Z", "created_at": "2026-03-29T17:56:50.403Z", "used_at": null}}, {"model": "election.votertoken", "pk": 25, "fields": {"user": ["T/DEG/2023/1587"], "election": 1, "election_level": 1, "token": "dceb1f42-523b-4faa-af03-1ef4b1034199", "is_used": false, "expiry_date": "2026-04-06T17:48:17Z", "created_at": "2026-03-29T17:56:50.408Z", "used_at": null}}, {"model": "election.votertoken", "pk": 26, "fields": {"user": ["T/DEG/2023/1587"], "election": 1, "election_level": 2, "token": "f4064101-eb70-42b6-b69c-e5e814fe2339", "is_used": false, "expiry_date": "2026-04-06T17:48:17Z", "created_at": "2026-03-29T17:56:50.410Z", "used_at": null}}, {"model": "election.votertoken", "pk": 27, "fields": {"user": ["T/DEG/2023/1587"], "election": 1, "election_level": 7, "token": "ffa6c423-b560-4d5b-8146-b2d09ac6a26b", "is_used": false, "expiry_date": "2026-04-06T17:48:17Z", "created_at": "2026-03-29T17:56:50.412Z", "used_at": null}}, {"model": "election.votertoken", "pk": 28, "fields": {"user": ["T/DEG/2023/1015"], "election": 1, "election_level": 1, "token": "04c09e00-2145-4b57-9312-745e949c001d", "is_used": false, "expiry_date": "2026-04-06T17:48:17Z", "created_at": "2026-03-29T17:56:50.416Z", "used_at": null}}, {"model": "election.votertoken", "pk": 29, "fields": {"user": ["T/DEG/2023/1015"], "election": 1, "election_level": 2, "token": "982e6c4a-bbb2-4e24-a75c-7760ea1affc8", "is_used": false, "expiry_date": "2026-04-06T17:48:17Z", "created_at": "2026-03-29T17:56:50.418Z", "used_at": null}}, {"model": "election.votertoken", "pk": 30, "fields": {"user": ["T/DEG/2023/1015"], "election": 1, "election_level": 8, "token": "ea12d89e-e8a0-43a9-ba36-2b762f6e576f", "is_used": false, "expiry_date": "2026-04-06T17:48:17Z", "created_at": "2026-03-29T17:56:50.421Z", "used_at": null}}, {"model": "election.votertoken", "pk": 31, "fields": {"user": ["T/DEG/2023/0906"], "election": 1, "election_level": 1, "token": "8622893a-dbb9-40cb-885f-dd0f16be6207", "is_used": false, "expiry_date": "2026-04-06T17:48:17Z", "created_at": "2026-03-29T17:56:50.425Z", "used_at": null}}, {"model": "election.votertoken", "pk": 32, "fields": {"user": ["T/DEG/2023/0906"], "election": 1, "election_level": 2, "token": "a86e1eac-6584-4463-a316-b726a68cf232", "is_used": false, "expiry_date": "2026-04-06T17:48:17Z", "created_at": "2026-03-29T17:56:50.427Z", "used_at": null}}, {"model": "election.votertoken", "pk": 33, "fields": {"user": ["T/DEG/2023/0906"], "election": 1, "election_level": 7, "token": "7c91300e-ab3e-42ed-9f2b-d368303289bd", "is_used": false, "expiry_date": "2026-04-06T17:48:17Z", "created_at": "2026-03-29T17:56:50.429Z", "used_at": null}}, {"model": "election.votertoken", "pk": 34, "fields": {"user": ["T/DEG/2023/0440"], "election": 1, "election_level": 1, "token": "70d38115-6cf3-43dc-889e-0b6ab69a27b4", "is_used": false, "expiry_date": "2026-04-06T17:48:17Z", "created_at": "2026-03-29T17:56:50.433Z", "used_at": null}}, {"model": "election.votertoken", "pk": 35, "fields": {"user": ["T/DEG/2023/0440"], "election": 1, "election_level": 2, "token": "248759b2-157d-4f02-be86-3bc72f356b18", "is_used": false, "expiry_date": "2026-04-06T17:48:17Z", "created_at": "2026-03-29T17:56:50.436Z", "used_at": null}}, {"model": "election.votertoken", "pk": 36, "fields": {"user": ["T/DEG/2023/0440"], "election": 1, "election_level": 5, "token": "4222d7c7-6aba-48f6-86e1-534a9c45d949", "is_used": false, "expiry_date": "2026-04-06T17:48:17Z", "created_at": "2026-03-29T17:56:50.438Z", "used_at": null}}, {"model": "election.votertoken", "pk": 37, "fields": {"user": ["T/DEG/2023/1617"], "election": 1, "election_level": 1, "token": "62349d12-4ecb-4d4d-ba61-bef2043802d7", "is_used": false, "expiry_date": "2026-04-06T17:48:17Z", "created_at": "2026-03-29T17:56:50.443Z", "used_at": null}}, {"model": "election.votertoken", "pk": 38, "fields": {"user": ["T/DEG/2023/1617"], "election": 1, "election_level": 2, "token": "121ca7ef-d33a-426d-b91c-13149fa416ab", "is_used": false, "expiry_date": "2026-04-06T17:48:17Z", "created_at": "2026-03-29T17:56:50.445Z", "used_at": null}}, {"model": "election.votertoken", "pk": 39, "fields": {"user": ["T/DEG/2023/1617"], "election": 1, "election_level": 7, "token": "9df62d67-d269-41cb-b78d-13951bd4272e", "is_used": false, "expiry_date": "2026-04-06T17:48:17Z", "created_at": "2026-03-29T17:56:50.447Z", "used_at": null}}, {"model": "election.votertoken", "pk": 40, "fields": {"user": ["T/DEG/2023/0074"], "election": 1, "election_level": 1, "token": "b55b1b41-da1d-47c5-bddb-56240aacc6c3", "is_used": false, "expiry_date": "2026-04-06T17:48:17Z", "created_at": "2026-03-29T17:56:50.451Z", "used_at": null}}, {"model": "election.votertoken", "pk": 41, "fields": {"user": ["T/DEG/2023/0074"], "election": 1, "election_level": 2, "token": "89e2283a-b76b-4e91-96b8-43fef4993405", "is_used": false, "expiry_date": "2026-04-06T17:48:17Z", "created_at": "2026-03-29T17:56:50.453Z", "used_at": null}}, {"model": "election.votertoken", "pk": 42, "fields": {"user": ["T/DEG/2023/0074"], "election": 1, "election_level": 6, "token": "c064ec01-eec2-40f5-9528-9cb04ffed891", "is_used": false, "expiry_date": "2026-04-06T17:48:17Z", "created_at": "2026-03-29T17:56:50.455Z", "used_at": null}}, {"model": "election.votertoken", "pk": 43, "fields": {"user": ["T/DEG/2023/0348"], "election": 1, "election_level": 1, "token": "619062b3-427a-4635-81ff-9e02e838cb87", "is_used": false, "expiry_date": "2026-04-06T17:48:17Z", "created_at": "2026-03-29T17:56:50.460Z", "used_at": null}}, {"model": "election.votertoken", "pk": 44, "fields": {"user": ["T/DEG/2023/0348"], "election": 1, "election_level": 2, "token": "ea51a406-5e5e-4677-89b2-d4308f1d1d45", "is_used": false, "expiry_date": "2026-04-06T17:48:17Z", "created_at": "2026-03-29T17:56:50.462Z", "used_at": null}}, {"model": "election.votertoken", "pk": 45, "fields": {"user": ["T/DEG/2023/0348"], "election": 1, "election_level": 6, "token": "96fd9232-7bbd-4df4-9342-02ad1b2b3902", "is_used": false, "expiry_date": "2026-04-06T17:48:17Z", "created_at": "2026-03-29T17:56:50.465Z", "used_at": null}}, {"model": "election.votertoken", "pk": 46, "fields": {"user": ["T/DEG/2023/1651"], "election": 1, "election_level": 1, "token": "e84433f8-61f7-4110-8488-c30e55caf5cb", "is_used": false, "expiry_date": "2026-04-06T17:48:17Z", "created_at": "2026-03-29T17:56:50.469Z", "used_at": null}}, {"model": "election.votertoken", "pk": 47, "fields": {"user": ["T/DEG/2023/1651"], "election": 1, "election_level": 2, "token": "e80739ff-0644-4eb8-9b6e-2e29b0cbf6d7", "is_used": false, "expiry_date": "2026-04-06T17:48:17Z", "created_at": "2026-03-29T17:56:50.471Z", "used_at": null}}, {"model": "election.votertoken", "pk": 48, "fields": {"user": ["T/DEG/2023/1651"], "election": 1, "election_level": 8, "token": "f78b493a-553b-4b27-bc19-46071ba95c7f", "is_used": false, "expiry_date": "2026-04-06T17:48:17Z", "created_at": "2026-03-29T17:56:50.474Z", "used_at": null}}, {"model": "election.votertoken", "pk": 49, "fields": {"user": ["T/DEG/2023/1028"], "election": 1, "election_level": 1, "token": "10464389-8f6e-41f0-ade0-b32e983fc307", "is_used": false, "expiry_date": "2026-04-06T17:48:17Z", "created_at": "2026-03-29T17:56:50.478Z", "used_at": null}}, {"model": "election.votertoken", "pk": 50, "fields": {"user": ["T/DEG/2023/1028"], "election": 1, "election_level": 2, "token": "1ed1f0b0-bbd4-4a41-8875-4bab3c2ef6c1", "is_used": false, "expiry_date": "2026-04-06T17:48:17Z", "created_at": "2026-03-29T17:56:50.480Z", "used_at": null}}, {"model": "election.votertoken", "pk": 51, "fields": {"user": ["T/DEG/2023/1028"], "election": 1, "election_level": 8, "token": "143b9115-0188-4ed5-a7ca-39e608457d08", "is_used": false, "expiry_date": "2026-04-06T17:48:17Z", "created_at": "2026-03-29T17:56:50.482Z", "used_at": null}}, {"model": "election.votertoken", "pk": 52, "fields": {"user": ["T/DEG/2023/0919"], "election": 1, "election_level": 1, "token": "13380648-ebba-4969-b826-53d0f9c3ecee", "is_used": false, "expiry_date": "2026-04-06T17:48:17Z", "created_at": "2026-03-29T17:56:50.486Z", "used_at": null}}, {"model": "election.votertoken", "pk": 53, "fields": {"user": ["T/DEG/2023/0919"], "election": 1, "election_level": 2, "token": "21ceb24e-4432-49f0-87e0-542fa2772a8e", "is_used": false, "expiry_date": "2026-04-06T17:48:17Z", "created_at": "2026-03-29T17:56:50.489Z", "used_at": null}}, {"model": "election.votertoken", "pk": 54, "fields": {"user": ["T/DEG/2023/0919"], "election": 1, "election_level": 3, "token": "f71ec2a3-6c02-43fd-93c1-ca09d2075f1a", "is_used": false, "expiry_date": "2026-04-06T17:48:17Z", "created_at": "2026-03-29T17:56:50.491Z", "used_at": null}}, {"model": "election.votertoken", "pk": 55, "fields": {"user": ["T/DEG/2023/1582"], "election": 1, "election_level": 1, "token": "7d4315e0-5c5c-43c7-b13d-b04561a5d0ba", "is_used": false, "expiry_date": "2026-04-06T17:48:17Z", "created_at": "2026-03-29T17:56:50.496Z", "used_at": null}}, {"model": "election.votertoken", "pk": 56, "fields": {"user": ["T/DEG/2023/1582"], "election": 1, "election_level": 2, "token": "df1773b7-1b97-4c7e-a35f-125ea59cd635", "is_used": false, "expiry_date": "2026-04-06T17:48:17Z", "created_at": "2026-03-29T17:56:50.498Z", "used_at": null}}, {"model": "election.votertoken", "pk": 57, "fields": {"user": ["T/DEG/2023/1582"], "election": 1, "election_level": 6, "token": "084a2863-01ec-4ef5-acd8-187e42ac179a", "is_used": false, "expiry_date": "2026-04-06T17:48:17Z", "created_at": "2026-03-29T17:56:50.500Z", "used_at": null}}, {"model": "election.votertoken", "pk": 58, "fields": {"user": ["T/DEG/2023/1305"], "election": 1, "election_level": 1, "token": "e173432e-84d0-416c-b22e-05020bc7b09b", "is_used": false, "expiry_date": "2026-04-06T17:48:17Z", "created_at": "2026-03-29T17:56:50.504Z", "used_at": null}}, {"model": "election.votertoken", "pk": 59, "fields": {"user": ["T/DEG/2023/1305"], "election": 1, "election_level": 2, "token": "0d99e61c-ddcd-467b-95ca-4a7306d94883", "is_used": false, "expiry_date": "2026-04-06T17:48:17Z", "created_at": "2026-03-29T17:56:50.507Z", "used_at": null}}, {"model": "election.votertoken", "pk": 60, "fields": {"user": ["T/DEG/2023/1305"], "election": 1, "election_level": 6, "token": "eb1f20df-4d65-433f-8bac-64fbfbafaeb4", "is_used": false, "expiry_date": "2026-04-06T17:48:17Z", "created_at": "2026-03-29T17:56:50.509Z", "used_at": null}}, {"model": "election.votertoken", "pk": 61, "fields": {"user": ["T/DEG/2023/1422"], "election": 1, "election_level": 1, "token": "d914763e-5496-4ac6-8c5e-36c6a90a86f5", "is_used": false, "expiry_date": "2026-04-06T17:48:17Z", "created_at": "2026-03-29T17:56:50.513Z", "used_at": null}}, {"model": "election.votertoken", "pk": 62, "fields": {"user": ["T/DEG/2023/1422"], "election": 1, "election_level": 2, "token": "7de75f87-e2f4-4cff-984f-d2ae14e25a21", "is_used": false, "expiry_date": "2026-04-06T17:48:17Z", "created_at": "2026-03-29T17:56:50.516Z", "used_at": null}}, {"model": "election.votertoken", "pk": 63, "fields": {"user": ["T/DEG/2023/1422"], "election": 1, "election_level": 6, "token": "c8c74659-b5ea-4f63-a7cb-db88c65a72d9", "is_used": false, "expiry_date": "2026-04-06T17:48:17Z", "created_at": "2026-03-29T17:56:50.518Z", "used_at": null}}, {"model": "election.votertoken", "pk": 64, "fields": {"user": ["T/DEG/2023/1899"], "election": 1, "election_level": 1, "token": "952ae5ed-1661-4f86-8173-aff7f4ed9a70", "is_used": false, "expiry_date": "2026-04-06T17:48:17Z", "created_at": "2026-03-29T17:56:50.522Z", "used_at": null}}, {"model": "election.votertoken", "pk": 65, "fields": {"user": ["T/DEG/2023/1899"], "election": 1, "election_level": 2, "token": "b2e14f19-284a-49f0-8ea7-ea600777c162", "is_used": false, "expiry_date": "2026-04-06T17:48:17Z", "created_at": "2026-03-29T17:56:50.525Z", "used_at": null}}, {"model": "election.votertoken", "pk": 66, "fields": {"user": ["T/DEG/2023/1899"], "election": 1, "election_level": 4, "token": "3deab9a3-1416-4083-b3d4-0137ab5438d2", "is_used": false, "expiry_date": "2026-04-06T17:48:17Z", "created_at": "2026-03-29T17:56:50.526Z", "used_at": null}}, {"model": "election.votertoken", "pk": 67, "fields": {"user": ["T/DEG/2023/1178"], "election": 1, "election_level": 1, "token": "b4419a0c-4684-471b-bdd8-d237b1618227", "is_used": false, "expiry_date": "2026-04-06T17:48:17Z", "created_at": "2026-03-29T17:56:50.531Z", "used_at": null}}, {"model": "election.votertoken", "pk": 68, "fields": {"user": ["T/DEG/2023/1178"], "election": 1, "election_level": 2, "token": "6395ca9b-25e1-491e-8084-091fc57a71fa", "is_used": false, "expiry_date": "2026-04-06T17:48:17Z", "created_at": "2026-03-29T17:56:50.533Z", "used_at": null}}, {"model": "election.votertoken", "pk": 69, "fields": {"user": ["T/DEG/2023/1178"], "election": 1, "election_level": 8, "token": "f3d39adf-0714-44d7-8641-c5853eafef30", "is_used": false, "expiry_date": "2026-04-06T17:48:17Z", "created_at": "2026-03-29T17:56:50.535Z", "used_at": null}}, {"model": "election.votertoken", "pk": 70, "fields": {"user": ["T/DEG/2023/1119"], "election": 1, "election_level": 1, "token": "0baec2c5-8bd1-499b-a924-1d26eee91eb2", "is_used": false, "expiry_date": "2026-04-06T17:48:17Z", "created_at": "2026-03-29T17:56:50.539Z", "used_at": null}}, {"model": "election.votertoken", "pk": 71, "fields": {"user": ["T/DEG/2023/1119"], "election": 1, "election_level": 2, "token": "282b5c19-31e1-4757-8d0b-c103ccaa03ca", "is_used": false, "expiry_date": "2026-04-06T17:48:17Z", "created_at": "2026-03-29T17:56:50.541Z", "used_at": null}}, {"model": "election.votertoken", "pk": 72, "fields": {"user": ["T/DEG/2023/1119"], "election": 1, "election_level": 7, "token": "172f5281-970f-4568-9adf-94cfb0edd251", "is_used": false, "expiry_date": "2026-04-06T17:48:17Z", "created_at": "2026-03-29T17:56:50.544Z", "used_at": null}}, {"model": "election.votertoken", "pk": 73, "fields": {"user": ["T/DEG/2023/01"], "election": 1, "election_level": 1, "token": "1df9355d-707f-4434-a19b-58164815a247", "is_used": true, "expiry_date": "2026-03-30T18:06:17Z", "created_at": "2026-03-29T18:06:27.331Z", "used_at": "2026-03-29T18:08:10.855Z"}}, {"model": "election.votertoken", "pk": 74, "fields": {"user": ["T/DEG/2023/01"], "election": 1, "election_level": 3, "token": "b5c97354-1868-4ae3-b8b2-9edc88dd1099", "is_used": true, "expiry_date": "2026-03-30T18:06:43Z", "created_at": "2026-03-29T18:06:54.218Z", "used_at": "2026-03-29T18:08:15.793Z"}}, {"model": "election.vote", "pk": 3, "fields": {"token": 73, "candidate": 2, "election": 1, "election_level": 1, "voter": ["T/DEG/2023/01"], "timestamp": "2026-03-29T18:08:10.828Z"}}, {"model": "election.vote", "pk": 4, "fields": {"token": 74, "candidate": 9, "election": 1, "election_level": 3, "voter": ["T/DEG/2023/01"], "timestamp": "2026-03-29T18:08:15.769Z"}}]
